typeofaction,sourceid,destinationid,amountofmoney,isfraud,typeoffraud,month
transfer,33473,32740,7422956,1,type2,4
cash-in,45772,24950,131219,0,none,6
transfer,78804,86903,215499,1,type3,5
transfer,25531,37485,7012527,1,type2,5
cash-in,1615,72623,639229,1,type1,7
transfer,14355,42168,226479,1,type3,3
cash-in,69208,24349,372321,1,type1,4
transfer,19833,61346,288351,1,type3,6
cash-in,21254,33855,3135930,0,none,4
transfer,25848,86903,215500,1,type3,7
cash-in,32042,72317,5712794,0,none,5
transfer,5569,58674,625093,0,none,4
transfer,66755,18941,386526,1,type3,4
transfer,23161,89131,349001,1,type3,5
cash-in,92735,93295,306536,1,type1,4
transfer,73965,1968,1342342,0,none,7
transfer,76829,4000,1382910,0,none,5
transfer,95198,76344,7422956,1,type2,6
cash-in,8550,6886,275217,0,none,4
transfer,91907,28046,328814,1,type3,3
cash-in,82688,18305,292038,1,type1,5
transfer,89991,83988,268781,1,type3,6
transfer,15597,58273,4263762,0,none,5
transfer,70378,55162,1130773,0,none,5
cash-in,80740,68225,388294,1,type1,3
transfer,55694,19022,4387938,0,none,3
cash-in,96739,93138,6708425,0,none,5
transfer,21226,88390,3550767,0,none,5
cash-in,39284,13963,274171,1,type1,3
transfer,6752,95498,281506,1,type3,4
transfer,59658,31163,363046,1,type3,3
cash-in,87338,16037,6063558,0,none,6
transfer,43430,49910,2292028,0,none,7
transfer,79612,18098,1368020,0,none,6
transfer,57768,36973,685247,0,none,5
cash-in,38256,18166,4166313,0,none,4
cash-in,27283,32925,328739,0,none,5
transfer,37235,43793,106907,0,none,7
transfer,44627,46638,2468440,0,none,5
transfer,37802,53268,1480799,0,none,3
transfer,85464,4500,2410295,0,none,5
transfer,81456,59191,1825646,0,none,5
cash-in,8550,5807,275217,0,none,6
transfer,82518,28046,328815,1,type3,3
transfer,52661,83988,268782,1,type3,5
transfer,12655,78030,594522,1,type3,7
cash-in,69208,23494,372321,1,type1,2
cash-in,82410,59581,713808,1,type1,5
transfer,83087,49705,1997322,0,none,2
transfer,68269,17819,7013498,1,type2,3
transfer,73630,79987,5815280,1,type2,6
transfer,45383,5110,6421783,1,type2,5
transfer,40262,91800,5505135,1,type2,4
transfer,24306,23199,7621775,1,type2,4
transfer,41703,46047,6738027,1,type2,3
transfer,15746,83790,274712,1,type3,6
transfer,572,94670,376890,1,type3,5
cash-in,82688,63240,959936,0,none,4
cash-in,30105,64316,494529,1,type1,6
transfer,58513,31174,1115815,0,none,6
transfer,66955,47361,7474036,1,type2,4
cash-in,13919,86945,323248,1,type1,3
transfer,62413,8657,5523379,1,type2,4
transfer,51395,45408,997049,0,none,7
cash-in,30509,43439,5384694,0,none,4
transfer,55920,86903,215500,1,type3,6
transfer,10908,43793,106907,0,none,6
transfer,74205,25089,1687581,0,none,6
transfer,99934,55222,3855137,0,none,2
cash-in,75076,75668,420044,1,type1,5
transfer,15558,81278,6493011,1,type2,7
transfer,89938,95498,281507,1,type3,6
transfer,89799,95498,281506,1,type3,2
transfer,58026,6477,518689,1,type3,4
transfer,17011,67775,347290,0,none,3
transfer,40206,55859,1015133,0,none,7
transfer,6162,21496,1855160,0,none,5
transfer,64292,57951,2421810,0,none,7
transfer,13203,98237,674474,0,none,5
transfer,3594,88623,3623277,0,none,6
cash-in,12652,94211,5644467,0,none,3
cash-in,30105,98751,494528,1,type1,5
cash-in,82410,88645,713809,1,type1,3
transfer,16988,74937,4637190,0,none,6
transfer,64269,48051,7270189,1,type2,5
cash-in,4161,2174,249082,1,type1,5
transfer,97808,73055,361846,1,type3,4
cash-in,41969,69841,1835027,1,type1,7
cash-in,21955,20300,2808503,0,none,5
transfer,86315,46239,7422956,1,type2,3
cash-in,12533,90499,716889,0,none,7
transfer,5953,6477,2009005,0,none,5
cash-in,33203,34537,882648,1,type1,6
transfer,69425,71059,4711577,0,none,3
transfer,27771,74938,1077674,0,none,6
cash-in,36106,23286,3640278,0,none,3
transfer,87615,52483,6421783,1,type2,4
transfer,23801,86903,215499,1,type3,5
transfer,86651,72065,1394362,0,none,5
transfer,11200,73055,1178060,0,none,6
cash-in,35086,36839,4266693,0,none,3
transfer,94580,98137,6654803,1,type2,6
transfer,29791,84810,5505135,1,type2,3
cash-in,4161,34858,249081,1,type1,6
transfer,80417,25172,1384387,0,none,6
transfer,78424,97246,4387938,0,none,3
transfer,82135,95498,281507,1,type3,4
cash-in,43819,80863,5178847,0,none,4
cash-in,44595,51089,4928819,0,none,6
transfer,77724,46022,7621775,1,type2,7
transfer,60635,79115,7881878,1,type2,6
transfer,61346,37108,1797531,0,none,7
transfer,62123,1008,7042628,1,type2,7
transfer,97966,95152,1162767,0,none,7
transfer,30084,10836,2007950,0,none,3
transfer,99754,83790,274713,1,type3,5
transfer,70809,29444,1395815,0,none,3
cash-in,1615,80966,639230,1,type1,5
cash-in,92735,17423,306537,1,type1,2
transfer,82483,63326,5972619,1,type2,4
transfer,92791,90946,222032,1,type3,4
transfer,82471,77952,288956,1,type3,5
transfer,46802,86903,215499,1,type3,5
transfer,63314,86903,215499,1,type3,5
transfer,87623,18941,386526,1,type3,3
transfer,87134,43793,106907,0,none,4
transfer,26364,51149,316129,1,type3,6
transfer,38932,31163,363046,1,type3,4
transfer,90762,94652,6763814,1,type2,5
cash-in,39284,18192,274171,1,type1,6
transfer,44299,94670,376891,1,type3,6
transfer,75203,35270,335249,1,type3,4
transfer,78720,23436,5505135,1,type2,4
cash-in,75076,24841,420044,1,type1,7
transfer,4588,30874,7881878,1,type2,3
transfer,96627,71881,6493011,1,type2,3
transfer,46161,86839,478195,1,type3,6
cash-in,39284,67144,274171,1,type1,7
transfer,24637,23120,5505135,1,type2,5
transfer,8130,14943,525626,1,type3,5
transfer,51985,90802,5820894,1,type2,3
transfer,59135,50648,7474036,1,type2,6
cash-in,82410,15915,713809,1,type1,6
transfer,99576,92220,1689037,0,none,7
transfer,66456,31163,363045,1,type3,6
cash-in,92735,61512,306537,1,type1,4
transfer,46638,50729,7621775,1,type2,5
transfer,15100,83790,274712,1,type3,4
cash-in,39284,55092,274171,1,type1,3
transfer,96135,36942,1437053,0,none,6
transfer,22049,80349,305353,0,none,6
cash-in,1683,96773,6468847,0,none,6
cash-in,84352,61309,640047,1,type1,4
transfer,54587,94670,376890,1,type3,5
transfer,93447,28046,328814,1,type3,4
transfer,84551,97738,6654803,1,type2,3
cash-in,30965,63228,398394,1,type1,5
transfer,27119,35270,335248,1,type3,6
cash-in,96057,18465,170115,0,none,4
transfer,64072,92883,3384858,0,none,3
transfer,8657,57832,5523379,1,type2,4
transfer,68974,76240,1612344,0,none,5
cash-in,80740,29758,388294,1,type1,5
transfer,53222,95692,4689476,0,none,4
transfer,61630,21022,1977151,0,none,3
cash-in,75076,50112,420044,1,type1,5
transfer,75200,90043,7881878,1,type2,4
cash-in,19104,61426,44893,0,none,5
transfer,36698,79340,4402054,0,none,3
cash-in,4161,50023,249081,1,type1,6
transfer,95692,3329,422088,1,type3,4
transfer,8956,51149,316128,1,type3,7
transfer,67834,42168,226479,1,type3,3
cash-in,72032,12595,391867,1,type1,4
transfer,861,56503,7525659,1,type2,4
transfer,71957,95606,4384402,0,none,7
transfer,4463,65272,616869,0,none,3
transfer,56626,94670,376890,1,type3,3
cash-in,27283,30617,328738,0,none,6
transfer,58609,89131,349001,1,type3,5
transfer,44881,76348,5983503,1,type2,3
transfer,34047,18941,386526,1,type3,7
transfer,87748,79291,2627756,0,none,2
transfer,48104,39961,1998986,0,none,6
transfer,2802,87433,6944610,1,type2,6
cash-in,1615,3335,639230,1,type1,7
transfer,88642,78494,671097,1,type3,2
cash-in,80740,39965,388295,1,type1,6
transfer,22046,51149,316129,1,type3,5
cash-in,11850,55033,4040477,0,none,3
transfer,12962,95511,174059,0,none,5
cash-in,75076,90581,420044,1,type1,5
cash-in,82688,48186,292038,1,type1,6
transfer,24829,67002,1395815,0,none,4
transfer,41031,51149,316129,1,type3,5
cash-in,24041,49937,322414,1,type1,4
cash-in,39284,74901,274171,1,type1,6
transfer,43458,10997,7422956,1,type2,4
transfer,23041,82061,1339767,0,none,4
transfer,46066,43793,106906,0,none,2
transfer,6754,83988,268782,1,type3,3
transfer,29601,4622,3503270,0,none,5
transfer,65904,38537,5815280,1,type2,4
transfer,74177,20451,2722773,0,none,3
transfer,68239,51149,316128,1,type3,4
transfer,26551,33564,1180054,0,none,7
transfer,95209,12159,7259213,1,type2,7
transfer,71600,42168,226479,1,type3,3
cash-in,72032,49478,391867,1,type1,6
transfer,2466,44313,6493011,1,type2,6
cash-in,82688,83006,292038,1,type1,5
transfer,73371,6477,518689,1,type3,3
transfer,10202,8566,5004735,1,type2,3
cash-in,13919,68015,323248,1,type1,3
transfer,66144,55902,5815280,1,type2,5
transfer,38537,93771,5815280,1,type2,4
transfer,355,32083,5820894,1,type2,2
transfer,5964,78494,671096,1,type3,4
transfer,85902,96010,363541,0,none,6
transfer,70264,15287,2051059,0,none,5
transfer,64353,74713,1310436,1,type3,6
transfer,52054,75252,7012527,1,type2,4
cash-in,8056,50710,3174284,0,none,7
transfer,91021,59712,6944610,1,type2,4
transfer,31815,45385,3412264,0,none,5
cash-in,63509,26706,2002309,0,none,3
transfer,25563,9987,652281,1,type3,5
cash-in,4859,19283,277215,0,none,4
transfer,17700,88390,1592377,0,none,4
cash-in,19104,45136,44893,0,none,7
cash-in,92735,94635,306536,1,type1,3
transfer,5795,17240,4289505,0,none,4
transfer,10608,16272,6493011,1,type2,4
cash-in,24041,1666,322413,1,type1,4
transfer,26735,78494,671096,1,type3,7
transfer,57355,23333,5820894,1,type2,3
transfer,32599,18661,3040921,0,none,6
transfer,79733,83575,1124183,0,none,3
transfer,93237,28594,2471475,0,none,4
transfer,29256,50096,1116142,0,none,2
transfer,61611,83424,216045,0,none,3
transfer,60563,414,5983503,1,type2,7
transfer,66252,52697,4558464,0,none,4
cash-in,65823,39370,3837109,0,none,5
cash-in,82930,85116,779884,1,type1,4
transfer,10317,74938,1026663,0,none,4
transfer,29182,4588,7881878,1,type2,2
cash-in,80740,90295,388294,1,type1,6
transfer,51575,78164,6615328,1,type2,6
cash-in,67019,21135,2934138,0,none,7
transfer,34552,31163,363046,1,type3,7
transfer,82303,78030,594523,1,type3,5
transfer,28552,73055,361846,1,type3,6
cash-in,37691,91694,1850652,0,none,7
transfer,46314,88223,923773,0,none,3
transfer,45667,18941,386526,1,type3,3
cash-in,6727,58630,6455691,0,none,6
cash-in,8550,562,275217,0,none,7
cash-in,69208,21453,372321,1,type1,7
transfer,91800,78720,5505135,1,type2,4
transfer,9373,86839,478195,1,type3,3
transfer,37485,52245,7012527,1,type2,6
transfer,91741,44794,799975,0,none,4
cash-in,31439,96773,3367443,0,none,4
cash-in,69208,38720,372321,1,type1,5
cash-in,4161,27404,249082,1,type1,5
transfer,5629,41703,4035833,0,none,5
transfer,30932,50722,234796,0,none,4
transfer,97550,78030,594523,1,type3,4
transfer,16633,65511,330293,0,none,3
cash-in,30965,23309,398395,1,type1,3
transfer,17015,52570,1610222,0,none,6
transfer,63119,41122,6421783,1,type2,6
transfer,26144,35270,335249,1,type3,4
transfer,6211,40833,5505135,1,type2,7
transfer,14656,6477,518690,1,type3,7
cash-in,3092,22427,1145624,0,none,7
transfer,49130,89560,1919156,0,none,5
transfer,23853,80326,454238,0,none,4
transfer,94652,24510,1395287,0,none,5
cash-in,41634,76031,1853925,0,none,7
cash-in,24041,21197,322413,1,type1,5
transfer,63810,22306,5972619,1,type2,6
transfer,939,91556,4387938,0,none,2
transfer,2266,83988,268782,1,type3,3
transfer,34685,90946,222032,1,type3,5
cash-in,82410,41940,713809,1,type1,2
transfer,95826,47963,3907133,0,none,3
transfer,35225,47114,6944610,1,type2,5
transfer,92278,59150,5820894,1,type2,6
cash-in,95615,93239,708894,1,type1,5
cash-in,93608,60094,1224808,0,none,3
transfer,93386,94670,376890,1,type3,3
cash-in,80740,12726,388295,1,type1,4
cash-in,37177,90607,362164,1,type1,5
transfer,46146,90377,3724101,0,none,3
cash-in,82930,83961,779884,1,type1,3
transfer,39837,83988,268782,1,type3,3
transfer,91710,9987,652281,1,type3,4
cash-in,80740,19808,388295,1,type1,6
transfer,18652,46559,7259213,1,type2,3
transfer,23503,74586,7422956,1,type2,7
transfer,29182,85902,351589,0,none,3
cash-in,43439,46060,502828,1,type1,6
cash-in,96057,99829,170115,0,none,3
cash-in,39284,2955,274171,1,type1,6
transfer,46436,73532,1421211,0,none,7
transfer,3828,61320,1841260,0,none,5
transfer,3912,62828,5523379,1,type2,4
cash-in,43439,36605,502828,1,type1,7
transfer,93352,44509,3251400,0,none,5
cash-in,72032,30284,391867,1,type1,4
transfer,14528,78494,671097,1,type3,4
transfer,11054,10804,2091010,0,none,4
transfer,91404,54988,5004735,1,type2,6
cash-in,8550,90066,275217,0,none,6
transfer,86756,61346,288350,1,type3,6
transfer,88501,72081,2008509,0,none,6
transfer,92740,77508,445248,1,type3,6
transfer,65222,950,4524228,0,none,5
transfer,46531,36450,4219354,0,none,7
transfer,31137,57938,6738027,1,type2,3
transfer,20451,61346,288350,1,type3,7
transfer,52430,73055,361845,1,type3,4
cash-in,19104,51392,44893,0,none,5
transfer,29754,83790,274713,1,type3,7
transfer,4763,52672,4387938,0,none,6
transfer,13618,90946,222032,1,type3,5
transfer,8566,68275,5004735,1,type2,4
transfer,58819,55033,7621775,1,type2,3
transfer,11200,79868,4052075,0,none,6
transfer,92033,20890,2256228,0,none,4
transfer,86712,83988,268782,1,type3,7
transfer,57938,41703,6738027,1,type2,3
transfer,82454,90946,222032,1,type3,5
transfer,26783,6477,518690,1,type3,5
cash-in,92735,34121,306536,1,type1,6
transfer,9810,51713,6352694,1,type2,3
transfer,10195,42168,226479,1,type3,7
transfer,40939,39952,2081709,0,none,4
transfer,26448,83790,274713,1,type3,3
transfer,28150,44752,7130066,1,type2,5
transfer,74486,38258,6493011,1,type2,5
transfer,71048,18941,386526,1,type3,7
transfer,22247,54765,3629536,0,none,4
cash-in,6380,80401,630852,0,none,6
transfer,70504,58819,1123395,0,none,2
cash-in,71475,50788,1002226,1,type1,4
transfer,46526,28046,328814,1,type3,5
transfer,65179,95498,281506,1,type3,2
cash-in,82410,94012,713809,1,type1,7
transfer,51273,86903,215499,1,type3,2
transfer,46627,17240,4049544,0,none,7
transfer,20849,70229,5820894,1,type2,2
transfer,23784,61346,288350,1,type3,6
transfer,57768,9810,6352694,1,type2,3
transfer,89131,65629,795947,0,none,6
transfer,23636,6477,518689,1,type3,5
cash-in,31439,27405,554345,1,type1,7
transfer,3798,51215,3286975,0,none,4
transfer,90395,68719,4735195,0,none,5
transfer,45283,3329,422087,1,type3,3
transfer,54151,44075,5806795,1,type2,3
transfer,85972,86839,478195,1,type3,4
cash-in,24441,12242,2954186,1,type1,7
transfer,89776,9987,652281,1,type3,4
transfer,27332,43793,106907,0,none,5
transfer,86657,9987,652281,1,type3,5
transfer,94284,9888,934629,0,none,7
transfer,59800,42168,226479,1,type3,5
transfer,63442,73055,361846,1,type3,4
transfer,48053,63619,1940175,0,none,4
transfer,59891,83790,274713,1,type3,6
cash-in,69208,51747,372321,1,type1,4
transfer,42203,43793,106906,0,none,5
cash-in,82930,67096,779885,1,type1,6
transfer,70229,355,5820894,1,type2,2
transfer,9761,73630,5815280,1,type2,6
transfer,48643,23882,2370940,0,none,7
transfer,26886,73055,361845,1,type3,3
cash-in,24041,36891,322413,1,type1,4
transfer,45882,47581,2878294,0,none,7
transfer,40037,73055,361845,1,type3,3
transfer,90598,14931,2947084,0,none,3
transfer,4530,51149,316129,1,type3,4
cash-in,37177,30714,362164,1,type1,7
transfer,89733,77952,288956,1,type3,7
cash-in,30105,60094,494528,1,type1,7
cash-in,27283,79182,328738,0,none,4
transfer,65175,2349,5004735,1,type2,5
transfer,28369,14453,1932291,0,none,2
cash-in,69208,42692,372321,1,type1,7
cash-in,69208,91032,372321,1,type1,6
cash-in,72032,21863,391867,1,type1,6
cash-in,75076,6644,420044,1,type1,6
cash-in,52358,10910,270079,0,none,5
transfer,46436,77346,1786639,0,none,3
transfer,96855,92885,6944610,1,type2,2
cash-in,72032,27847,391867,1,type1,6
transfer,91664,10233,3534303,0,none,4
transfer,84359,95498,281507,1,type3,5
cash-in,30965,40167,398394,1,type1,3
cash-in,37401,37131,4689663,0,none,7
transfer,14309,42168,226479,1,type3,4
transfer,43452,3329,422087,1,type3,5
transfer,91324,31163,363046,1,type3,4
transfer,26579,83790,274713,1,type3,4
transfer,51196,92222,7525659,1,type2,7
transfer,89924,75789,7013498,1,type2,3
cash-in,13919,26472,323248,1,type1,2
cash-in,72032,57885,391867,1,type1,2
transfer,83585,18941,386526,1,type3,4
transfer,15517,7654,7422956,1,type2,3
transfer,40873,94670,376890,1,type3,4
cash-in,30965,49600,398394,1,type1,5
cash-in,13919,31440,323248,1,type1,5
cash-in,60976,5502,5902402,0,none,6
transfer,15264,83912,160095,0,none,5
cash-in,1895,42005,4855182,0,none,6
cash-in,82410,25362,713809,1,type1,6
transfer,41405,59470,335915,1,type3,4
transfer,863,59470,335914,1,type3,7
transfer,30530,36647,7270189,1,type2,3
transfer,93428,12712,4387938,0,none,6
transfer,19626,6477,518689,1,type3,3
transfer,11077,26825,669125,0,none,7
transfer,57384,90524,6850595,1,type2,6
transfer,38590,13481,1158785,0,none,7
cash-in,69208,71259,372321,1,type1,5
transfer,14146,95498,281506,1,type3,3
transfer,97239,78283,311268,0,none,5
cash-in,81273,46402,2936526,0,none,4
transfer,93784,12394,7629866,1,type2,3
transfer,86903,67214,3934608,0,none,5
cash-in,71475,10234,1002226,1,type1,3
cash-in,95615,70742,708895,1,type1,3
cash-in,84352,9117,640047,1,type1,6
transfer,14931,85860,3661870,0,none,3
transfer,51016,77952,288957,1,type3,5
transfer,14648,3329,422087,1,type3,3
transfer,86948,31965,7621775,1,type2,3
cash-in,39284,62427,274171,1,type1,6
transfer,44038,49500,7013498,1,type2,5
cash-in,31439,6470,554345,1,type1,4
cash-in,31439,84089,554346,1,type1,4
transfer,26173,24411,4387938,0,none,2
cash-in,72032,15477,391867,1,type1,3
transfer,56458,22341,7013498,1,type2,5
transfer,61453,99444,7042628,1,type2,4
transfer,65693,41233,2682428,0,none,2
cash-in,31287,85814,266502,0,none,5
cash-in,75076,50080,420044,1,type1,5
cash-in,82688,39778,292038,1,type1,5
transfer,22279,78391,5820894,1,type2,4
transfer,71902,89585,7259213,1,type2,6
transfer,69561,14678,69975,0,none,3
transfer,77657,72806,4187029,0,none,3
transfer,19706,59470,335914,1,type3,7
transfer,34989,47569,5806795,1,type2,2
transfer,294,42293,6763814,1,type2,6
cash-in,66575,48350,205063,0,none,5
cash-in,37177,3092,362164,1,type1,4
transfer,25554,59135,7474036,1,type2,5
transfer,50028,56742,5523379,1,type2,2
cash-in,43439,62290,502828,1,type1,7
transfer,7654,86315,7422956,1,type2,3
transfer,10402,73055,361845,1,type3,6
cash-in,62714,67579,3633901,0,none,3
cash-in,23347,54049,980693,0,none,7
transfer,4089,3329,422087,1,type3,5
cash-in,27283,200,328738,0,none,4
cash-in,36246,84211,572349,0,none,7
transfer,35053,50985,5815280,1,type2,7
cash-in,30105,23762,494529,1,type1,4
transfer,52697,94670,376890,1,type3,3
cash-in,24041,86853,322413,1,type1,4
transfer,4474,42168,226479,1,type3,5
transfer,18202,3608,2875979,0,none,5
transfer,14126,95498,281506,1,type3,6
transfer,95152,70912,2920899,0,none,6
transfer,7633,73423,3829176,0,none,3
transfer,39185,10202,5004735,1,type2,3
transfer,6599,32997,6654803,1,type2,3
transfer,58854,74713,1310437,1,type3,3
transfer,14095,42594,2011893,1,type3,5
transfer,35540,48703,7259213,1,type2,4
transfer,15558,59047,4699498,0,none,4
cash-in,39284,7228,274171,1,type1,5
transfer,26248,89131,349001,1,type3,3
cash-in,1683,11620,3606548,0,none,4
transfer,10177,52894,2014638,0,none,2
transfer,97147,7385,3891721,0,none,4
cash-in,34941,3332,2347046,0,none,5
transfer,66835,86903,215499,1,type3,3
transfer,4609,72851,3953018,0,none,6
transfer,84344,24873,4449948,0,none,5
transfer,73320,42168,226479,1,type3,3
transfer,90802,27855,5820894,1,type2,3
transfer,48021,51149,316129,1,type3,4
transfer,59920,68262,123197,0,none,4
transfer,13064,76451,2166982,0,none,3
transfer,19544,36614,3365041,0,none,2
cash-in,78243,24444,3418208,0,none,7
transfer,32130,35633,2652759,0,none,2
transfer,61774,31163,363046,1,type3,3
transfer,88336,59470,335915,1,type3,7
transfer,68498,84418,869493,0,none,3
transfer,78808,24306,7621775,1,type2,4
transfer,71858,56531,878986,0,none,5
cash-in,92735,45890,306536,1,type1,5
transfer,71687,95498,281507,1,type3,6
cash-in,72032,76683,391867,1,type1,2
cash-in,18561,99227,144129,0,none,6
transfer,76094,78341,6738027,1,type2,5
cash-in,4161,64321,249082,1,type1,4
cash-in,99632,32042,1589935,0,none,6
transfer,43372,86839,478195,1,type3,4
transfer,46296,31997,4528389,0,none,4
cash-in,4161,49193,249082,1,type1,2
transfer,69445,77508,445249,1,type3,5
transfer,47590,16290,7130066,1,type2,3
transfer,91533,43793,106907,0,none,3
transfer,44827,27662,5268988,1,type2,3
transfer,20457,24114,781465,0,none,7
transfer,59605,89131,349001,1,type3,4
transfer,23082,73055,361845,1,type3,6
transfer,99250,78255,4505513,0,none,3
transfer,30644,77620,656767,0,none,7
cash-in,86515,54356,3994096,0,none,2
cash-in,8550,98551,275217,0,none,5
transfer,65997,98808,1546392,0,none,4
transfer,29968,35235,4264367,0,none,7
cash-in,39266,82238,2405323,0,none,4
transfer,95835,53518,7952497,1,type2,5
cash-in,1615,46860,639230,1,type1,5
transfer,60685,93590,7130066,1,type2,4
cash-in,45806,15632,1796475,0,none,4
cash-in,84426,60595,2757093,0,none,6
transfer,33174,26740,3802359,0,none,3
transfer,67532,20238,7259213,1,type2,6
transfer,53077,91771,4635498,0,none,2
cash-in,5499,88631,3152907,0,none,5
transfer,44752,63384,7130066,1,type2,5
transfer,23952,54510,1175847,0,none,6
cash-in,29763,17266,3405797,0,none,6
transfer,61958,36703,3893725,0,none,3
transfer,67817,86903,215499,1,type3,3
cash-in,29947,29996,1153116,0,none,3
transfer,53540,43793,106907,0,none,6
transfer,42988,89131,349000,1,type3,6
transfer,9309,17700,1299187,0,none,5
transfer,99775,45704,2873466,0,none,6
transfer,39345,17534,1423374,0,none,7
transfer,47522,42168,226479,1,type3,3
cash-in,82410,27412,713809,1,type1,4
transfer,26220,86839,478195,1,type3,4
cash-in,13919,25667,323248,1,type1,7
transfer,37630,98242,6493011,1,type2,6
cash-in,27283,12802,328739,0,none,7
cash-in,27283,69374,328738,0,none,4
transfer,84618,94670,376890,1,type3,4
transfer,40894,62556,13332,0,none,4
transfer,54119,97966,6421783,1,type2,7
transfer,77073,33133,5268988,1,type2,7
transfer,97547,31163,4277215,0,none,3
transfer,8953,90794,1922266,0,none,6
cash-in,52088,41176,2181996,0,none,4
cash-in,31439,8611,554345,1,type1,4
transfer,6709,83988,268781,1,type3,6
transfer,239,86839,478195,1,type3,7
transfer,71695,40056,5815280,1,type2,4
transfer,23199,65145,7621775,1,type2,5
transfer,2137,70023,765028,0,none,4
transfer,1145,73250,4387938,0,none,3
transfer,38590,41703,3062117,0,none,5
transfer,55902,46192,5815280,1,type2,5
transfer,94476,43225,2915622,0,none,4
transfer,24249,90946,222032,1,type3,5
transfer,26481,28046,328815,1,type3,4
transfer,37534,27881,3258312,0,none,6
transfer,99260,73055,361845,1,type3,4
cash-in,78139,25401,1684039,0,none,7
transfer,74485,14943,525627,1,type3,4
cash-in,84352,46738,640047,1,type1,6
transfer,76022,19634,6615328,1,type2,7
transfer,48631,77508,445248,1,type3,5
cash-in,80740,84696,388294,1,type1,3
transfer,75610,89131,349000,1,type3,4
transfer,1650,51149,316129,1,type3,4
transfer,91064,59470,335915,1,type3,7
transfer,56477,3329,422088,1,type3,5
cash-in,38478,38565,2399232,0,none,3
cash-in,93710,36856,4440241,0,none,4
transfer,2106,23641,1688103,0,none,4
cash-in,92735,98862,306536,1,type1,3
cash-in,47807,45676,3597983,0,none,4
cash-in,22427,58899,4687751,0,none,3
transfer,22049,86903,215499,1,type3,6
transfer,54418,83988,268782,1,type3,4
transfer,8475,68269,7013498,1,type2,3
transfer,68506,71141,2990897,0,none,3
transfer,82181,36930,394042,0,none,4
cash-in,8550,28645,275217,0,none,3
transfer,58492,77508,445248,1,type3,4
transfer,48954,62123,7042628,1,type2,6
cash-in,82688,97318,292038,1,type1,4
transfer,81463,29791,5505135,1,type2,3
transfer,50648,67134,7474036,1,type2,6
transfer,38127,90579,1911421,0,none,4
transfer,67662,57384,6850595,1,type2,5
cash-in,82930,21135,359943,0,none,4
transfer,57489,39651,4729468,0,none,2
cash-in,92735,9507,306537,1,type1,3
transfer,3381,50866,5523379,1,type2,3
transfer,93556,77285,1114870,0,none,7
transfer,27855,22279,5820894,1,type2,4
transfer,14846,84900,1436502,0,none,5
transfer,47205,6477,518689,1,type3,4
transfer,37792,52256,2373541,0,none,5
transfer,48369,28046,328814,1,type3,3
cash-in,96057,90078,170114,0,none,4
transfer,66955,90279,3036683,0,none,3
transfer,56410,83790,274713,1,type3,3
transfer,61071,70912,1623705,0,none,2
cash-in,82930,52747,3380428,0,none,6
transfer,79987,9368,5815280,1,type2,7
transfer,67565,35270,335249,1,type3,7
transfer,88357,96627,6493011,1,type2,3
cash-in,349,6966,3750180,0,none,6
transfer,95970,86839,478195,1,type3,7
transfer,1265,66955,7474036,1,type2,3
cash-in,4161,75260,249081,1,type1,3
transfer,81233,2525,1737404,0,none,5
transfer,50842,90946,222032,1,type3,3
transfer,2232,6254,1224511,0,none,6
cash-in,31439,18533,554345,1,type1,7
transfer,61936,68283,6352694,1,type2,4
cash-in,43439,16638,502828,1,type1,4
cash-in,30105,62257,494528,1,type1,4
transfer,46307,6477,518690,1,type3,4
transfer,56749,87541,3786723,0,none,4
transfer,89429,22557,1039338,0,none,6
transfer,66494,90946,222031,1,type3,7
transfer,73081,43005,7259213,1,type2,4
cash-in,95615,35853,708895,1,type1,6
cash-in,84352,94793,640047,1,type1,6
transfer,70731,41780,6944610,1,type2,5
transfer,99444,25410,7042628,1,type2,4
transfer,13484,62066,4728885,0,none,6
transfer,55870,17530,1886673,0,none,6
transfer,81191,31163,363046,1,type3,6
transfer,88901,40556,3488409,0,none,5
transfer,81705,73055,361845,1,type3,4
transfer,57816,70882,4369196,0,none,6
transfer,36990,73055,361845,1,type3,4
cash-in,34757,15632,4710952,0,none,4
cash-in,10859,48510,5544956,0,none,3
cash-in,43439,13115,502828,1,type1,2
transfer,74228,35778,6944610,1,type2,4
transfer,59359,95498,281506,1,type3,3
transfer,78644,86903,215499,1,type3,3
transfer,98698,67570,6937925,1,type2,4
cash-in,88645,17283,93827,0,none,4
transfer,9232,42168,226479,1,type3,4
cash-in,4161,99617,249081,1,type1,5
transfer,86550,447,3503270,0,none,6
transfer,65837,26663,6352694,1,type2,5
transfer,32685,43793,106907,0,none,7
cash-in,92735,53801,306536,1,type1,6
transfer,26802,82070,3388934,0,none,5
cash-in,2476,92988,4942500,0,none,4
transfer,20358,77508,445248,1,type3,3
cash-in,33203,69621,882647,1,type1,5
transfer,28046,8950,3655808,0,none,2
transfer,49822,59470,335914,1,type3,3
cash-in,94211,90146,2609475,0,none,3
transfer,32713,77508,445248,1,type3,7
transfer,10607,35270,335248,1,type3,4
transfer,23333,51985,5820894,1,type2,3
transfer,24510,78559,4730973,0,none,6
cash-in,30105,61008,494529,1,type1,4
transfer,66674,57645,4969582,0,none,3
cash-in,24041,46541,322413,1,type1,7
transfer,48051,1970,7270189,1,type2,7
transfer,66349,89131,349001,1,type3,5
transfer,98137,52566,6654803,1,type2,7
cash-in,80740,28815,388294,1,type1,4
transfer,68625,17909,6615328,1,type2,2
transfer,88916,61346,288350,1,type3,5
transfer,61096,83515,1961744,0,none,3
cash-in,39284,61097,274172,1,type1,3
cash-in,2476,85333,1824805,0,none,6
cash-in,43439,48679,502828,1,type1,7
transfer,77289,24637,5505135,1,type2,5
transfer,11196,83988,268782,1,type3,4
cash-in,72130,26194,3816892,0,none,5
cash-in,69208,44409,372321,1,type1,3
cash-in,31439,90146,554345,1,type1,4
cash-in,82705,31310,514418,0,none,3
transfer,94982,31163,363046,1,type3,5
transfer,56788,52825,3521582,0,none,6
transfer,33427,61346,288351,1,type3,3
transfer,56885,83988,268781,1,type3,5
cash-in,31439,20213,554346,1,type1,5
cash-in,96057,94776,170115,0,none,5
cash-in,19104,30226,44893,0,none,4
transfer,2295,27828,3147590,0,none,6
transfer,38206,85539,2231671,0,none,4
transfer,79393,5629,4161515,0,none,7
transfer,93557,44688,1088725,0,none,4
transfer,84097,44075,1387855,0,none,6
cash-in,41370,78452,6531605,0,none,6
transfer,23069,47590,4555562,0,none,6
cash-in,86178,78562,4056756,0,none,4
transfer,34565,50275,3334081,0,none,5
transfer,45472,58536,2862029,0,none,6
transfer,94130,6477,518689,1,type3,6
transfer,23514,38448,1667990,0,none,3
cash-in,69208,97637,372321,1,type1,3
transfer,7828,28174,2814218,0,none,4
transfer,72164,43793,106906,0,none,5
cash-in,75076,71373,420045,1,type1,3
transfer,16921,75252,224357,0,none,4
transfer,42831,63730,2046834,0,none,4
cash-in,30965,57075,398394,1,type1,6
transfer,41485,5953,3847765,0,none,5
transfer,8400,6477,518689,1,type3,4
transfer,13506,55217,1994667,0,none,5
cash-in,82410,79849,713809,1,type1,4
transfer,55419,86550,3503270,0,none,6
transfer,12013,51149,316129,1,type3,6
transfer,92983,61346,288351,1,type3,4
transfer,78224,64582,6654803,1,type2,4
transfer,21262,88684,1715903,0,none,3
cash-in,75076,30252,420044,1,type1,3
transfer,44071,6211,5505135,1,type2,6
cash-in,96057,67171,170115,0,none,3
transfer,75622,73215,7621775,1,type2,5
transfer,5908,9987,652281,1,type3,5
cash-in,8550,66241,275217,0,none,5
transfer,12431,42168,226479,1,type3,6
transfer,31965,69542,7621775,1,type2,4
transfer,45741,44840,7422956,1,type2,2
transfer,86267,78494,671097,1,type3,6
cash-in,76718,42277,1736416,0,none,4
transfer,51984,35270,335249,1,type3,7
cash-in,71399,97607,2854607,0,none,5
transfer,15766,34294,4707675,0,none,2
cash-in,27986,76031,5280855,0,none,2
cash-in,37177,63029,362164,1,type1,4
transfer,92222,78300,7525659,1,type2,7
transfer,23477,68698,302294,0,none,6
transfer,35866,35270,335248,1,type3,7
cash-in,69208,85699,372321,1,type1,7
transfer,46242,41205,900632,0,none,6
transfer,27205,7012,7012527,1,type2,7
transfer,64868,99007,7621775,1,type2,7
transfer,30057,73055,361846,1,type3,4
transfer,76945,59470,335914,1,type3,5
transfer,70504,58765,4629143,0,none,6
cash-in,37177,9363,362164,1,type1,3
transfer,43624,50759,1999105,0,none,5
transfer,31930,57399,2765625,0,none,5
cash-in,16409,32349,4478012,0,none,4
transfer,50457,41618,1416689,0,none,5
cash-in,41277,41940,2814402,0,none,5
cash-in,27283,699,328738,0,none,2
transfer,866,15552,4740137,0,none,3
transfer,50985,88714,5815280,1,type2,7
transfer,35428,77952,288957,1,type3,4
transfer,33510,42168,226479,1,type3,7
transfer,13911,92420,7525659,1,type2,2
cash-in,30105,13800,494528,1,type1,4
cash-in,54513,40291,3355181,0,none,5
cash-in,23867,33114,1013817,0,none,6
transfer,93492,2466,6493011,1,type2,5
transfer,3185,46114,7013498,1,type2,7
cash-in,78997,4416,4607528,0,none,4
cash-in,37177,89730,362164,1,type1,7
transfer,55646,86023,5806795,1,type2,4
cash-in,43439,82179,502828,1,type1,3
cash-in,80401,43439,5255938,0,none,4
transfer,84640,42168,226479,1,type3,5
transfer,19022,93428,4387938,0,none,3
cash-in,30105,94472,494529,1,type1,2
transfer,78082,99950,657559,0,none,4
cash-in,39284,13638,274172,1,type1,6
transfer,40945,84520,4494518,0,none,3
cash-in,96057,1503,170114,0,none,5
transfer,88746,89131,349001,1,type3,4
cash-in,18803,7426,6375559,0,none,4
transfer,18283,62556,13332,0,none,6
transfer,21941,76094,6738027,1,type2,5
transfer,55499,37773,7474036,1,type2,5
transfer,59910,18263,5820894,1,type2,5
cash-in,39284,91794,274171,1,type1,7
cash-in,24041,45493,322413,1,type1,2
transfer,46627,61346,288350,1,type3,3
transfer,57913,43793,106907,0,none,4
transfer,98808,59623,4135093,0,none,4
transfer,87057,31163,363046,1,type3,6
transfer,87061,55735,5505135,1,type2,2
cash-in,31439,17450,554346,1,type1,4
cash-in,13919,57919,323248,1,type1,4
transfer,16422,90946,222032,1,type3,5
cash-in,29492,43138,1335905,0,none,6
transfer,89585,62633,7259213,1,type2,6
cash-in,51792,52614,567299,0,none,5
transfer,84810,18415,5505135,1,type2,3
transfer,47413,86903,215499,1,type3,4
cash-in,82930,72794,779884,1,type1,3
transfer,59772,91404,5004735,1,type2,6
transfer,55072,41461,2686717,0,none,2
cash-in,94234,25797,1735501,0,none,3
transfer,71269,45201,3115424,0,none,6
transfer,96091,46638,7621775,1,type2,5
transfer,1366,48104,2916631,0,none,3
transfer,69397,59470,335915,1,type3,3
transfer,70669,42168,226479,1,type3,7
transfer,24510,95498,3271848,0,none,6
transfer,9408,47099,6654803,1,type2,5
transfer,49846,85016,4022893,0,none,7
cash-in,37177,39631,362164,1,type1,2
transfer,52808,29728,3287533,0,none,3
cash-in,24009,99360,1784913,0,none,5
cash-in,13919,95241,323248,1,type1,4
transfer,76344,23503,7422956,1,type2,6
transfer,22341,636,7013498,1,type2,5
cash-in,24041,34756,322413,1,type1,6
cash-in,13919,33512,323248,1,type1,7
cash-in,4161,28744,249081,1,type1,2
transfer,3157,2232,3221883,0,none,5
transfer,6678,40154,1180054,0,none,6
cash-in,37177,68699,362164,1,type1,3
transfer,71486,77508,445248,1,type3,6
cash-in,63307,35542,6360313,0,none,3
transfer,54093,94808,1507304,0,none,5
transfer,98866,16241,1868172,0,none,2
transfer,97472,62943,4112242,0,none,5
transfer,38002,56721,6615328,1,type2,4
transfer,76320,9413,4058288,0,none,6
cash-in,72032,13268,391867,1,type1,7
cash-in,20909,39331,5760785,0,none,5
transfer,85406,95093,2405313,0,none,3
transfer,54048,90946,222032,1,type3,4
transfer,47572,81630,3256323,0,none,3
transfer,26296,26740,1459806,0,none,4
transfer,56249,95498,281506,1,type3,5
cash-in,75076,24618,420044,1,type1,7
cash-in,43439,5029,502828,1,type1,3
cash-in,27283,42325,328738,0,none,2
transfer,85716,950,421672,0,none,4
transfer,52383,31163,363046,1,type3,6
transfer,18860,90946,222031,1,type3,6
transfer,51673,65837,6352694,1,type2,4
cash-in,49153,52923,267794,0,none,3
cash-in,43439,63955,502828,1,type1,3
transfer,82093,26293,768260,0,none,3
transfer,63412,62120,2491642,0,none,6
cash-in,30105,80113,494529,1,type1,3
transfer,6847,28046,328814,1,type3,3
cash-in,95615,43405,708894,1,type1,4
cash-in,30965,32822,398395,1,type1,6
cash-in,82940,10853,262460,0,none,5
transfer,16974,22898,3284761,0,none,5
transfer,45366,28046,328814,1,type3,3
cash-in,30965,45785,398395,1,type1,7
transfer,86023,65468,5806795,1,type2,4
cash-in,37177,31269,362164,1,type1,7
cash-in,24441,23236,2954186,1,type1,3
transfer,52291,2372,4614042,0,none,5
cash-in,18626,29492,4629576,0,none,6
cash-in,36839,37177,1296433,0,none,7
transfer,23436,23329,5505135,1,type2,4
cash-in,37177,69355,362164,1,type1,6
cash-in,33203,8056,882647,1,type1,7
transfer,18899,79698,7629866,1,type2,6
cash-in,82688,12943,292038,1,type1,3
transfer,17909,38002,6615328,1,type2,3
transfer,17015,15214,4290973,0,none,3
transfer,65222,14956,4180201,0,none,4
cash-in,43439,53631,502828,1,type1,6
transfer,58428,83790,274712,1,type3,6
transfer,42831,44412,2953532,0,none,5
transfer,99282,49218,4458846,0,none,3
transfer,60865,67506,7952497,1,type2,5
transfer,70267,93794,5806795,1,type2,5
cash-in,39284,95596,274171,1,type1,6
transfer,68275,54367,5004735,1,type2,4
transfer,33443,61346,288350,1,type3,3
transfer,59544,34132,7130066,1,type2,5
cash-in,25929,17258,4497752,0,none,6
transfer,8953,9987,862405,0,none,3
transfer,41032,30699,5523379,1,type2,7
cash-in,30105,20575,494528,1,type1,7
transfer,37507,98047,704348,0,none,6
transfer,4689,73081,7259213,1,type2,4
transfer,88290,83790,274713,1,type3,2
cash-in,30105,54971,494528,1,type1,4
transfer,23824,40603,2924731,0,none,5
transfer,69425,99507,3429976,0,none,7
transfer,25682,59982,5505135,1,type2,2
cash-in,82688,34921,292038,1,type1,4
transfer,62418,14943,525627,1,type3,6
transfer,76733,60635,7881878,1,type2,6
cash-in,30965,88488,398394,1,type1,6
transfer,70416,28046,328814,1,type3,7
cash-in,32822,99632,2623132,0,none,4
transfer,41568,77952,288957,1,type3,6
cash-in,1646,87331,112917,0,none,6
cash-in,45330,42228,5622169,0,none,7
transfer,44075,55646,5806795,1,type2,3
transfer,75439,53693,1450694,0,none,6
transfer,55717,91892,2497750,0,none,3
cash-in,55923,56983,5400135,0,none,4
cash-in,72032,92818,391867,1,type1,2
transfer,64582,57711,6654803,1,type2,5
transfer,11686,9324,3878422,0,none,4
cash-in,39370,21533,2001168,0,none,6
cash-in,82410,77984,713809,1,type1,5
transfer,78832,83790,274713,1,type3,4
cash-in,17576,83939,185456,0,none,2
transfer,8971,71695,5815280,1,type2,3
transfer,76223,18247,2827924,0,none,7
transfer,32893,30530,7270189,1,type2,3
transfer,78391,65372,5820894,1,type2,5
transfer,55340,43793,106906,0,none,7
transfer,61162,78998,3860332,0,none,4
transfer,68940,8637,7013498,1,type2,6
cash-in,13594,64373,2093588,0,none,6
transfer,20779,32548,379128,0,none,4
cash-in,82688,6015,292038,1,type1,6
transfer,77508,65511,3204700,0,none,3
transfer,77645,89131,349000,1,type3,3
transfer,45069,65997,3972197,0,none,7
cash-in,91306,77046,5823140,0,none,3
cash-in,1615,6322,639229,1,type1,4
cash-in,80740,65031,388294,1,type1,3
transfer,43742,86839,478195,1,type3,6
cash-in,37177,96016,362164,1,type1,3
transfer,30874,10085,7881878,1,type2,3
transfer,55033,86948,7621775,1,type2,3
transfer,98300,86978,4899627,0,none,5
cash-in,4161,32828,249081,1,type1,5
transfer,70960,42168,226479,1,type3,5
transfer,8827,61399,4845403,0,none,6
transfer,48794,91733,1554429,0,none,6
cash-in,4113,85486,2269971,0,none,3
cash-in,95376,59438,5072865,0,none,6
transfer,12159,31132,7259213,1,type2,7
transfer,28248,60455,1602992,0,none,6
transfer,41323,78247,1395815,0,none,5
transfer,23069,3828,2348784,0,none,4
cash-in,54787,35133,519708,0,none,5
transfer,40154,54099,1180054,0,none,5
cash-in,69208,48273,372322,1,type1,6
transfer,16272,62981,6493011,1,type2,5
cash-in,58105,16569,4569024,0,none,6
transfer,80604,35270,335249,1,type3,5
transfer,33004,3329,422087,1,type3,5
cash-in,83939,18230,1268221,0,none,5
transfer,8654,83790,274713,1,type3,5
transfer,4108,35891,2414479,0,none,5
transfer,73965,38586,1588697,0,none,3
transfer,47099,28292,6654803,1,type2,5
cash-in,71475,75572,1002226,1,type1,4
transfer,9398,29363,4938001,0,none,4
transfer,75295,86839,478195,1,type3,2
cash-in,1615,33284,639230,1,type1,4
cash-in,80740,67988,388294,1,type1,5
transfer,20849,36154,1604298,0,none,5
transfer,31270,93784,7629866,1,type2,3
transfer,56721,33784,6615328,1,type2,4
cash-in,92735,41429,306536,1,type1,3
transfer,57832,82169,5523379,1,type2,5
cash-in,24041,39661,322414,1,type1,5
transfer,76162,71574,6850595,1,type2,4
cash-in,36839,30965,4588859,0,none,6
transfer,38215,35484,7013498,1,type2,7
cash-in,30105,1020,494528,1,type1,7
transfer,63802,73055,361845,1,type3,4
transfer,27662,92734,5268988,1,type2,5
transfer,59819,78494,671096,1,type3,7
cash-in,43439,94137,502828,1,type1,4
cash-in,92735,82726,306536,1,type1,3
transfer,20896,39185,3603745,0,none,4
cash-in,4161,83480,249082,1,type1,5
cash-in,69208,55007,372321,1,type1,3
transfer,72998,83988,268782,1,type3,4
cash-in,82688,13222,292039,1,type1,6
cash-in,39284,29925,274171,1,type1,7
transfer,97709,77952,288956,1,type3,2
cash-in,27283,25903,328738,0,none,4
cash-in,48423,22491,4616652,0,none,4
transfer,78819,47111,7422956,1,type2,6
transfer,20874,78030,594523,1,type3,5
cash-in,66379,60426,4227321,0,none,2
cash-in,5442,92022,4287159,0,none,3
transfer,9462,65474,1866686,0,none,5
cash-in,69208,42627,372321,1,type1,4
transfer,15793,28005,7474036,1,type2,7
cash-in,82688,4870,292038,1,type1,4
transfer,94708,41032,5523379,1,type2,7
transfer,15539,35677,4317737,0,none,6
cash-in,62348,17345,6421415,0,none,6
transfer,5891,27880,7629866,1,type2,7
transfer,26217,4919,2669309,0,none,4
transfer,55884,15913,5820894,1,type2,6
cash-in,63307,35511,2071229,0,none,5
cash-in,70010,37329,4813926,0,none,5
transfer,18238,83988,268782,1,type3,5
transfer,53935,467,1176907,0,none,6
cash-in,92735,87991,306537,1,type1,4
cash-in,19104,48379,44893,0,none,3
cash-in,4161,1599,249082,1,type1,6
transfer,28292,24583,6654803,1,type2,6
transfer,44075,28306,1161940,0,none,6
transfer,723,24818,1267920,0,none,5
cash-in,72032,31247,391867,1,type1,5
cash-in,78648,26058,4421742,0,none,7
cash-in,69208,6897,372321,1,type1,5
cash-in,18125,52747,5074243,0,none,4
transfer,4986,95498,281507,1,type3,3
cash-in,79037,61076,5433625,0,none,6
transfer,93794,98765,5806795,1,type2,5
transfer,75059,86903,215500,1,type3,3
transfer,20246,55566,1581600,0,none,5
cash-in,33203,65196,882647,1,type1,7
cash-in,92735,64222,306536,1,type1,3
cash-in,37177,70964,362164,1,type1,7
cash-in,39284,85867,274171,1,type1,7
cash-in,48345,52387,6423218,0,none,4
cash-in,92735,63711,306536,1,type1,2
transfer,81153,61280,7881878,1,type2,7
cash-in,1615,21254,639230,1,type1,4
cash-in,1895,66200,592123,0,none,5
transfer,71858,17627,3906096,0,none,5
cash-in,71475,52387,2218230,0,none,5
cash-in,33979,40273,1030238,0,none,6
cash-in,41220,39061,1769355,1,type1,6
cash-in,37177,57772,362164,1,type1,3
transfer,67248,28046,328814,1,type3,5
transfer,55838,13410,7422956,1,type2,6
cash-in,37177,68229,362164,1,type1,4
cash-in,4161,93672,249081,1,type1,3
transfer,33789,61346,4525371,0,none,5
transfer,98242,15558,6493011,1,type2,7
transfer,27723,76733,7881878,1,type2,5
transfer,195,35270,335249,1,type3,6
cash-in,36856,28476,3090646,0,none,4
transfer,43528,9987,652282,1,type3,6
transfer,85195,35482,3073795,0,none,4
cash-in,84352,24728,640047,1,type1,3
cash-in,30965,45553,398394,1,type1,6
transfer,9277,83790,274713,1,type3,2
transfer,87555,91021,6944610,1,type2,4
cash-in,5396,23417,316393,0,none,7
transfer,46047,74994,6738027,1,type2,4
transfer,77549,77508,445248,1,type3,4
cash-in,55033,55923,3405904,0,none,7
cash-in,4161,10834,249082,1,type1,6
cash-in,33855,95164,4027140,0,none,3
transfer,63730,77073,5268988,1,type2,7
transfer,5110,62286,6421783,1,type2,5
cash-in,96057,62983,170114,0,none,5
transfer,15530,73375,2389506,0,none,5
cash-in,4161,73770,249082,1,type1,6
transfer,77678,98047,5983503,1,type2,5
cash-in,1615,11667,639230,1,type1,5
transfer,2349,59772,5004735,1,type2,6
cash-in,70010,38565,6878958,0,none,5
cash-in,27283,62007,328739,0,none,4
transfer,79112,18941,386526,1,type3,4
transfer,83487,90946,222032,1,type3,2
transfer,6281,83790,274713,1,type3,6
transfer,30735,3854,4849662,0,none,7
transfer,72456,15050,3678842,0,none,6
transfer,93989,57131,3327184,0,none,6
transfer,35300,1991,5972619,1,type2,3
transfer,21777,59470,335914,1,type3,5
cash-in,75076,1512,420045,1,type1,7
cash-in,82688,69388,292038,1,type1,4
transfer,89252,34421,587444,0,none,3
cash-in,72032,68776,391867,1,type1,4
transfer,63679,83790,274713,1,type3,6
cash-in,70889,36540,3453599,0,none,5
cash-in,41969,65969,1835026,1,type1,3
transfer,414,84965,5983503,1,type2,7
transfer,80052,52054,7012527,1,type2,4
cash-in,30965,80750,398394,1,type1,5
transfer,59047,75007,2691758,0,none,6
transfer,9532,43793,106907,0,none,4
cash-in,4161,94376,249082,1,type1,3
cash-in,76026,62188,5217932,0,none,4
cash-in,80740,48861,388295,1,type1,3
transfer,77285,18165,1791782,0,none,5
transfer,15597,88223,1605747,0,none,6
transfer,59712,33274,6944610,1,type2,4
cash-in,74876,82022,2086414,0,none,3
transfer,41341,25679,7952497,1,type2,7
cash-in,96057,99099,170114,0,none,3
transfer,46560,5591,3635704,0,none,7
cash-in,30105,28942,494528,1,type1,7
transfer,11279,31819,716289,0,none,7
transfer,27636,78030,594523,1,type3,3
transfer,65081,31163,363046,1,type3,4
transfer,59014,39060,4339729,0,none,2
cash-in,4161,52002,249081,1,type1,3
cash-in,94865,71432,2717636,0,none,2
cash-in,8550,91241,275217,0,none,4
transfer,94658,29555,7012527,1,type2,4
transfer,55955,2389,2311680,0,none,3
transfer,2855,78494,671096,1,type3,3
cash-in,83100,3425,5940457,0,none,7
transfer,38558,57768,6352694,1,type2,3
cash-in,93579,18166,624864,0,none,6
transfer,29681,30154,4727747,0,none,6
transfer,37773,25554,7474036,1,type2,5
transfer,62612,83206,3133830,0,none,7
cash-in,13919,11846,323248,1,type1,4
cash-in,75076,16595,420044,1,type1,7
cash-in,8550,93401,275217,0,none,7
transfer,91914,5268,2221763,0,none,4
cash-in,4161,29501,249082,1,type1,6
transfer,31270,35235,95888,0,none,3
transfer,57833,5702,5815280,1,type2,3
transfer,23812,29698,3817906,0,none,6
transfer,89274,64868,7621775,1,type2,6
transfer,44499,86839,478195,1,type3,3
cash-in,92735,30584,306537,1,type1,3
transfer,3529,51149,316128,1,type3,5
transfer,21474,47698,5806795,1,type2,7
transfer,18192,33489,2412412,0,none,3
transfer,49635,42168,226479,1,type3,3
cash-in,82688,32368,292038,1,type1,4
cash-in,37177,67648,362164,1,type1,3
transfer,58557,83988,268782,1,type3,5
cash-in,75076,30180,420044,1,type1,7
transfer,70264,90843,4002311,0,none,5
transfer,75872,77952,288956,1,type3,3
transfer,84551,83206,2751485,0,none,4
transfer,12924,56619,3197368,0,none,4
transfer,53121,42168,226479,1,type3,6
transfer,78150,42168,226479,1,type3,4
transfer,16485,44689,2870700,0,none,4
cash-in,96057,78784,170115,0,none,6
cash-in,30105,82016,494528,1,type1,6
transfer,33274,95242,6944610,1,type2,5
transfer,88486,66606,5815280,1,type2,7
cash-in,30965,95733,398394,1,type1,6
transfer,59201,38897,7525659,1,type2,6
cash-in,15632,35133,1244016,0,none,7
cash-in,82930,82726,779884,1,type1,4
transfer,6711,27336,2188635,0,none,3
transfer,60685,55758,2223761,0,none,3
cash-in,8581,27487,1349463,0,none,7
transfer,63097,90946,222031,1,type3,6
transfer,23803,90946,222032,1,type3,5
transfer,11695,74486,6493011,1,type2,5
cash-in,1841,71167,2106105,0,none,4
transfer,90992,4943,6944610,1,type2,7
cash-in,96057,65929,170115,0,none,4
transfer,62587,18941,386526,1,type3,5
transfer,23147,89131,349000,1,type3,3
transfer,20814,61346,288350,1,type3,5
transfer,93590,41731,7130066,1,type2,4
transfer,81909,26650,6421783,1,type2,6
cash-in,92735,16792,306536,1,type1,6
transfer,2720,12602,6738027,1,type2,7
transfer,66897,87520,6421783,1,type2,3
transfer,90043,18262,7881878,1,type2,5
transfer,10404,86903,215499,1,type3,5
transfer,24405,83790,274713,1,type3,5
transfer,48889,37799,5815280,1,type2,4
transfer,65629,32079,4062317,0,none,2
transfer,57738,14685,1891929,0,none,7
transfer,99359,77508,445249,1,type3,4
transfer,22992,77952,288956,1,type3,3
transfer,83005,3329,422087,1,type3,7
cash-in,75076,98057,420044,1,type1,7
transfer,24583,94580,6654803,1,type2,6
cash-in,45526,18743,395032,0,none,5
transfer,64872,53465,3310272,0,none,3
cash-in,69208,32455,372321,1,type1,2
transfer,7181,61346,288351,1,type3,3
transfer,46239,96888,7422956,1,type2,4
transfer,76267,45383,6421783,1,type2,5
transfer,56874,74713,1310437,1,type3,4
transfer,99667,3329,422087,1,type3,6
transfer,21067,18165,1342478,1,type3,4
transfer,25930,38206,66930,0,none,6
transfer,97857,81901,2145201,0,none,3
transfer,7960,55735,1026062,0,none,7
transfer,32080,69237,4369196,0,none,6
transfer,15214,95498,281507,1,type3,3
cash-in,95201,4542,5104924,0,none,7
cash-in,8550,97122,275217,0,none,7
transfer,72538,80715,89681,0,none,4
cash-in,12870,70402,535208,0,none,7
transfer,49391,83790,274713,1,type3,3
transfer,5083,29168,2683427,0,none,3
transfer,87422,46362,2404446,0,none,5
cash-in,93407,56028,3478319,0,none,7
cash-in,99938,85146,68412,0,none,3
cash-in,83352,25201,1111902,0,none,3
transfer,80584,42168,226479,1,type3,3
transfer,32144,42168,226479,1,type3,3
transfer,78247,24829,1395815,0,none,6
transfer,76223,47522,652264,0,none,7
transfer,68061,86839,478195,1,type3,6
transfer,31031,51196,7525659,1,type2,7
cash-in,4161,7806,249081,1,type1,6
transfer,4443,89131,349001,1,type3,4
transfer,69542,74761,7621775,1,type2,4
transfer,63810,2842,4995108,0,none,5
transfer,8509,82804,6654803,1,type2,7
transfer,64550,43793,106906,0,none,7
transfer,2984,52750,2519622,0,none,3
cash-in,92735,58732,306537,1,type1,7
cash-in,37177,13407,362164,1,type1,5
transfer,39500,77952,288956,1,type3,5
transfer,64845,6477,518689,1,type3,2
transfer,98981,90946,222032,1,type3,4
transfer,90209,75622,7621775,1,type2,5
cash-in,99751,17283,6139986,0,none,6
transfer,61399,35053,2386752,0,none,5
cash-in,50094,90993,5189387,0,none,7
transfer,31821,18941,386526,1,type3,4
transfer,34132,28150,7130066,1,type2,5
transfer,21638,62556,13332,0,none,5
cash-in,69208,66062,372321,1,type1,3
cash-in,75076,49051,420045,1,type1,4
transfer,41461,35270,335249,1,type3,7
transfer,28267,95498,281506,1,type3,4
transfer,2658,28046,328814,1,type3,4
transfer,99007,77724,7621775,1,type2,7
transfer,65118,85423,1395815,0,none,5
transfer,54421,71902,7259213,1,type2,5
cash-in,96057,98815,170114,0,none,4
transfer,1286,17233,1542996,0,none,5
transfer,73913,53268,4752915,0,none,4
transfer,76106,41315,1889603,0,none,5
transfer,57768,36703,3196628,0,none,5
transfer,97738,92460,6654803,1,type2,3
cash-in,95615,97885,708894,1,type1,3
cash-in,68313,41261,6820416,0,none,6
transfer,51853,77952,288956,1,type3,5
cash-in,80740,38032,388295,1,type1,6
cash-in,21533,40003,3621697,0,none,3
transfer,53518,60865,7952497,1,type2,5
cash-in,4161,96342,249082,1,type1,3
cash-in,84352,36919,640047,1,type1,6
transfer,2486,86903,215500,1,type3,3
transfer,56503,12445,7525659,1,type2,4
transfer,45837,41851,3674691,0,none,7
transfer,4689,75678,1158968,0,none,5
transfer,18510,65118,1395815,0,none,3
transfer,70749,78030,594522,1,type3,4
transfer,9287,77952,288956,1,type3,4
transfer,61733,83790,274712,1,type3,5
transfer,36398,48307,2155695,0,none,3
transfer,17894,74713,1310436,1,type3,5
transfer,61320,11181,7130066,1,type2,7
cash-in,96057,50151,170114,0,none,7
transfer,12859,60685,7130066,1,type2,3
transfer,70945,418,4827206,0,none,4
transfer,95231,95498,281506,1,type3,6
cash-in,48135,93608,6442557,0,none,7
cash-in,27283,66844,328739,0,none,2
cash-in,43439,71167,502828,1,type1,7
transfer,40268,78025,2800610,0,none,6
transfer,18690,86903,215499,1,type3,3
cash-in,80740,33384,388294,1,type1,5
cash-in,29594,62188,5549084,0,none,6
transfer,88826,18941,386526,1,type3,5
transfer,15048,28135,4260117,0,none,7
transfer,47111,34947,7422956,1,type2,6
transfer,77238,61346,288350,1,type3,3
transfer,603,57361,1758852,0,none,6
cash-in,84352,49860,640047,1,type1,7
transfer,21341,74301,1265886,0,none,3
cash-in,96057,92703,170114,0,none,6
transfer,79739,86903,215499,1,type3,5
cash-in,66704,95558,2826744,0,none,3
transfer,5185,42168,226479,1,type3,6
transfer,15287,10919,2483966,0,none,3
transfer,20337,90946,222032,1,type3,4
transfer,25410,98222,7042628,1,type2,5
transfer,64716,61346,288350,1,type3,7
transfer,6547,78030,594523,1,type3,4
transfer,91170,3329,422087,1,type3,4
transfer,7844,57355,5820894,1,type2,3
transfer,62981,11695,6493011,1,type2,5
transfer,42460,32346,6654803,1,type2,4
cash-in,82688,75676,292038,1,type1,3
transfer,87520,87615,6421783,1,type2,3
transfer,29043,43793,106907,0,none,5
transfer,46184,86903,215499,1,type3,4
transfer,1549,77952,288956,1,type3,3
transfer,53222,77434,4825224,0,none,5
transfer,44441,68625,2686176,0,none,4
transfer,90140,99814,4104167,0,none,5
transfer,58869,6477,518689,1,type3,4
transfer,81680,86903,215500,1,type3,6
transfer,27771,14943,525627,1,type3,3
cash-in,8550,32084,275217,0,none,3
cash-in,33203,7242,882647,1,type1,3
transfer,2064,14943,525627,1,type3,4
transfer,40833,69782,5505135,1,type2,7
transfer,86998,89131,349000,1,type3,3
transfer,9735,89131,349001,1,type3,3
cash-in,97278,9091,1898417,0,none,6
cash-in,92103,29315,3107620,0,none,6
cash-in,22294,24762,4452946,0,none,6
transfer,75661,28046,328814,1,type3,3
transfer,3092,61346,288350,1,type3,3
transfer,97813,78494,671096,1,type3,7
transfer,50275,96135,3270858,0,none,7
transfer,4819,73913,2171650,0,none,7
transfer,3389,94221,3446773,0,none,7
transfer,24193,31031,7525659,1,type2,7
cash-in,37177,33994,362164,1,type1,7
transfer,70882,68179,4369196,0,none,5
transfer,28238,32176,1180054,0,none,5
transfer,57428,55403,5806795,1,type2,6
cash-in,82959,5634,3291373,0,none,4
cash-in,19236,29620,1457754,0,none,6
transfer,52483,76267,6421783,1,type2,5
transfer,3961,76162,6850595,1,type2,3
transfer,47114,13272,6944610,1,type2,5
cash-in,72032,44712,391866,1,type1,5
cash-in,1615,6054,639230,1,type1,5
transfer,52112,42168,226479,1,type3,4
transfer,66713,8567,6944610,1,type2,4
cash-in,82930,29156,779884,1,type1,3
transfer,76546,54402,3480679,0,none,4
cash-in,95615,20217,708895,1,type1,3
transfer,34586,3329,422088,1,type3,2
transfer,28046,73630,2568792,0,none,6
transfer,97237,47018,4324963,0,none,7
transfer,57246,4129,192967,0,none,7
transfer,42879,19263,3217217,0,none,2
transfer,65372,8719,5820894,1,type2,5
cash-in,92735,83840,306537,1,type1,7
transfer,97143,42594,2011892,1,type3,7
transfer,92420,31871,7525659,1,type2,2
transfer,61737,43877,2543150,0,none,5
cash-in,82688,77924,292038,1,type1,5
cash-in,72032,67354,391867,1,type1,5
cash-in,72995,80260,4129042,0,none,3
cash-in,8550,59526,275217,0,none,3
transfer,66923,95498,281507,1,type3,7
transfer,93267,78811,1971558,0,none,4
cash-in,80740,36644,388295,1,type1,5
transfer,70669,93815,1624827,0,none,6
transfer,42862,74946,1823624,0,none,5
transfer,57711,89866,6654803,1,type2,5
transfer,3067,16921,1866891,0,none,2
transfer,73532,70504,2620297,0,none,3
transfer,59829,91264,2118629,0,none,6
transfer,98646,9987,652281,1,type3,6
cash-in,69988,11091,5959298,0,none,7
transfer,62857,94670,376890,1,type3,3
cash-in,19104,64427,44894,0,none,4
transfer,62286,81909,6421783,1,type2,5
cash-in,39284,68774,274171,1,type1,6
transfer,23289,90946,222032,1,type3,3
transfer,5645,70436,6944610,1,type2,6
cash-in,97892,34278,6194378,0,none,3
transfer,75252,94658,7012527,1,type2,4
transfer,14363,95594,5972619,1,type2,2
transfer,85457,99282,1288283,0,none,5
transfer,64654,65773,2241888,0,none,5
transfer,78164,93853,6615328,1,type2,6
transfer,10147,29990,1023149,0,none,3
cash-in,8764,60280,2124536,0,none,4
cash-in,13919,79614,323248,1,type1,4
transfer,71529,78030,594523,1,type3,4
cash-in,42627,30509,2608003,0,none,7
cash-in,4161,18561,6875557,0,none,4
cash-in,83611,93313,4979620,0,none,3
transfer,73215,89274,7621775,1,type2,6
transfer,36154,30735,4824160,0,none,3
transfer,636,63148,7013498,1,type2,5
cash-in,33203,97479,882648,1,type1,6
cash-in,13919,33911,323248,1,type1,5
transfer,66175,17401,4369196,0,none,4
cash-in,45772,82410,4040534,0,none,5
transfer,68789,18165,1342478,1,type3,4
transfer,15913,99193,5820894,1,type2,7
transfer,44868,57816,4369196,0,none,5
cash-in,4161,43619,249081,1,type1,5
transfer,98765,75873,5806795,1,type2,6
transfer,71746,67214,4956106,0,none,4
transfer,69237,44868,4369196,0,none,6
transfer,38258,93492,6493011,1,type2,5
transfer,16290,12859,7130066,1,type2,3
transfer,89816,73055,361845,1,type3,6
transfer,85462,83790,274713,1,type3,5
cash-in,60595,7806,6715748,0,none,6
cash-in,30105,52681,494529,1,type1,7
cash-in,82930,89577,779884,1,type1,7
cash-in,24041,33426,322413,1,type1,4
transfer,447,29601,3503270,0,none,6
transfer,18220,14943,525627,1,type3,5
transfer,51093,59357,4755809,0,none,6
transfer,85286,86903,215499,1,type3,6
cash-in,334,28048,4628330,0,none,7
cash-in,11699,832,1702403,0,none,6
transfer,73630,44234,1000724,0,none,6
transfer,94670,13506,4947130,0,none,4
transfer,89131,75507,1754765,0,none,4
cash-in,1841,83673,99015,0,none,4
transfer,65057,8971,5815280,1,type2,3
transfer,64731,49412,3907096,0,none,4
cash-in,84215,63021,1232548,0,none,4
transfer,12712,42838,4387938,0,none,6
transfer,52672,78424,4387938,0,none,4
transfer,5702,65057,5815280,1,type2,3
cash-in,96057,22745,170114,0,none,5
transfer,55403,21474,5806795,1,type2,6
cash-in,21507,13013,6434292,0,none,4
cash-in,31439,42081,554346,1,type1,2
transfer,8221,28046,328814,1,type3,6
transfer,19795,36123,7042628,1,type2,7
cash-in,30965,4845,398394,1,type1,7
transfer,71595,68262,113273,0,none,3
cash-in,43439,89414,502828,1,type1,4
transfer,67002,33148,1395815,0,none,3
transfer,43041,3329,422088,1,type3,5
transfer,47361,55499,7474036,1,type2,5
transfer,728,83790,274713,1,type3,7
transfer,25847,35270,335249,1,type3,2
transfer,21038,16863,6352694,1,type2,3
transfer,73055,83206,655907,0,none,5
transfer,85539,74228,6944610,1,type2,3
transfer,39968,44627,990610,0,none,6
transfer,95594,35300,5972619,1,type2,3
transfer,59524,86839,478196,1,type3,6
transfer,100000,86903,215499,1,type3,6
transfer,49543,95152,1096351,0,none,4
transfer,50560,94670,376890,1,type3,5
transfer,20843,28570,4897074,0,none,6
transfer,90938,96910,3056990,0,none,5
transfer,67134,98434,7474036,1,type2,6
transfer,84823,81869,2746049,0,none,5
cash-in,80740,79227,388294,1,type1,3
cash-in,69208,98036,372321,1,type1,3
transfer,44827,40206,399814,0,none,3
transfer,81540,73055,361845,1,type3,4
transfer,46198,51149,316129,1,type3,5
cash-in,82008,16524,6419065,0,none,2
transfer,55735,81463,5505135,1,type2,3
cash-in,69208,54010,372321,1,type1,6
transfer,96871,70897,5983503,1,type2,4
transfer,86616,30351,7259213,1,type2,5
cash-in,82688,91706,292038,1,type1,2
transfer,77175,90946,222032,1,type3,3
transfer,37661,18941,386526,1,type3,6
transfer,57365,13814,1534832,0,none,3
transfer,15486,35270,335248,1,type3,6
transfer,99179,61346,288350,1,type3,5
transfer,36891,24642,1755132,0,none,5
cash-in,4161,98501,249082,1,type1,4
transfer,38833,35270,335248,1,type3,7
transfer,27234,83988,268781,1,type3,3
transfer,13790,78030,594522,1,type3,4
transfer,49896,66893,3751326,0,none,7
transfer,8822,51149,316129,1,type3,7
transfer,93771,48889,5815280,1,type2,4
transfer,5217,31163,363046,1,type3,5
transfer,37651,59470,335915,1,type3,5
cash-in,45465,7187,5102151,0,none,6
cash-in,96057,26494,170114,0,none,7
cash-in,31439,97140,554345,1,type1,5
transfer,13685,78030,594523,1,type3,4
cash-in,30965,57149,398394,1,type1,6
transfer,26390,43793,106907,0,none,3
transfer,9490,56185,7422956,1,type2,4
transfer,54988,88062,5004735,1,type2,6
cash-in,11942,44430,4085522,0,none,6
transfer,92695,9761,5815280,1,type2,6
transfer,52830,18941,386525,1,type3,6
transfer,77466,73055,361846,1,type3,5
transfer,23177,28046,328814,1,type3,3
transfer,33823,33789,3808618,0,none,6
transfer,226,42168,226479,1,type3,5
transfer,21933,28680,7042628,1,type2,3
cash-in,11620,82688,3529488,0,none,5
transfer,23329,77289,5505135,1,type2,5
transfer,42776,77952,288956,1,type3,2
transfer,23784,38993,3083463,0,none,2
transfer,30335,31163,363046,1,type3,3
transfer,74586,22963,7422956,1,type2,7
transfer,65900,2041,1795938,0,none,6
transfer,19597,1265,7474036,1,type2,3
transfer,62749,3912,5523379,1,type2,3
transfer,5224,4388,3944928,0,none,3
cash-in,27283,15631,328738,0,none,5
transfer,45257,35270,335248,1,type3,6
transfer,28562,58427,966820,0,none,5
cash-in,95582,96373,5458852,0,none,4
transfer,60346,77952,288956,1,type3,6
transfer,56185,32420,7422956,1,type2,5
transfer,31163,95093,2395386,0,none,4
cash-in,33203,15088,882648,1,type1,7
cash-in,57731,1811,5955243,0,none,3
transfer,26650,63119,6421783,1,type2,6
transfer,26293,18165,3963280,0,none,6
transfer,76340,55758,4509267,0,none,3
transfer,50574,83988,268782,1,type3,4
cash-in,62348,30105,6306849,0,none,6
transfer,22766,68084,4396738,0,none,4
transfer,58107,95867,6937925,1,type2,3
cash-in,41969,76026,1835027,1,type1,7
transfer,57384,42460,6654803,1,type2,4
transfer,83524,28876,1949975,0,none,7
transfer,37108,79920,2302217,0,none,6
transfer,7538,15428,3503270,0,none,3
transfer,62828,62413,5523379,1,type2,4
cash-in,71475,54332,1002227,1,type1,4
cash-in,72032,77528,391867,1,type1,6
transfer,32997,57384,6654803,1,type2,4
transfer,53268,17534,1840788,0,none,7
transfer,78041,6477,518689,1,type3,5
transfer,50729,90209,7621775,1,type2,5
transfer,78341,81126,6738027,1,type2,6
cash-in,92735,11443,306536,1,type1,5
transfer,8439,95498,281506,1,type3,4
transfer,38897,24193,7525659,1,type2,6
transfer,65014,59470,335914,1,type3,6
transfer,12445,97343,7525659,1,type2,4
transfer,51713,61936,6352694,1,type2,3
transfer,21206,18941,386526,1,type3,4
transfer,24207,94670,376890,1,type3,4
cash-in,30105,45938,494528,1,type1,5
transfer,61,68275,631490,0,none,5
transfer,46359,59470,335915,1,type3,6
cash-in,33718,69566,670391,0,none,7
transfer,9373,28248,4657933,0,none,6
cash-in,72032,35234,391866,1,type1,4
transfer,41337,95930,514164,0,none,6
transfer,9884,95983,7013498,1,type2,4
transfer,35778,66713,6944610,1,type2,4
transfer,11647,59470,335915,1,type3,7
transfer,76123,83988,268782,1,type3,4
transfer,72442,62556,13333,0,none,3
transfer,33174,81173,6937925,1,type2,5
transfer,52245,27205,7012527,1,type2,6
cash-in,8550,43462,275217,0,none,4
cash-in,24041,9570,322414,1,type1,3
transfer,22313,77508,445249,1,type3,7
transfer,39119,62556,13332,0,none,7
cash-in,82410,26063,713809,1,type1,5
cash-in,31439,3183,554345,1,type1,5
transfer,1126,77952,288956,1,type3,6
transfer,29188,18941,386526,1,type3,5
transfer,54367,31610,5004735,1,type2,5
cash-in,8550,71916,275217,0,none,6
cash-in,96057,71784,170114,0,none,4
cash-in,92735,23512,306536,1,type1,3
transfer,47698,82632,5806795,1,type2,7
transfer,23686,25511,2768237,0,none,4
transfer,33784,51575,6615328,1,type2,6
transfer,81479,37507,4170475,0,none,6
transfer,67570,32548,6937925,1,type2,4
transfer,60661,95498,281506,1,type3,7
transfer,73783,31163,363046,1,type3,6
transfer,99078,89131,349000,1,type3,2
transfer,23718,75731,7259213,1,type2,5
transfer,40517,72522,197077,0,none,6
transfer,65809,18165,1342478,1,type3,6
transfer,92460,6599,6654803,1,type2,3
cash-in,13919,53522,323248,1,type1,7
transfer,97547,76168,4685634,0,none,3
transfer,70212,19597,7474036,1,type2,3
transfer,47047,20896,1630093,0,none,4
cash-in,24441,94201,2954186,1,type1,4
cash-in,30105,24259,494529,1,type1,4
transfer,99897,90762,6763814,1,type2,4
cash-in,80740,83049,388295,1,type1,3
transfer,26293,29182,378583,0,none,6
transfer,28005,77462,7474036,1,type2,7
transfer,1133,90946,222032,1,type3,5
transfer,27583,28306,818780,0,none,6
transfer,95880,95399,3931829,0,none,5
transfer,10085,75200,7881878,1,type2,4
cash-in,19104,78726,44893,0,none,5
transfer,4622,7538,3503270,0,none,7
cash-in,30965,24981,398394,1,type1,2
transfer,96888,43458,7422956,1,type2,4
cash-in,16286,61097,2501756,0,none,5
cash-in,31439,58911,554346,1,type1,5
cash-in,96057,58010,170114,0,none,7
transfer,35484,3185,7013498,1,type2,7
transfer,68275,69285,4116948,0,none,5
transfer,77370,83790,274713,1,type3,5
transfer,69782,1906,5505135,1,type2,7
transfer,71698,81522,3268260,0,none,4
transfer,3985,4055,4432076,0,none,3
transfer,17446,4857,1648432,0,none,4
cash-in,37177,80337,362164,1,type1,3
transfer,92057,43793,106907,0,none,5
transfer,85716,66341,1341563,0,none,5
transfer,4387,9987,652281,1,type3,4
cash-in,39284,5032,274171,1,type1,6
transfer,7637,77952,288956,1,type3,3
transfer,4862,59470,335914,1,type3,3
transfer,78632,66144,5815280,1,type2,5
transfer,30553,89924,7013498,1,type2,2
cash-in,95615,1638,708895,1,type1,4
cash-in,24041,92217,322414,1,type1,4
transfer,44454,14943,525627,1,type3,6
transfer,47353,71881,2884434,0,none,2
transfer,17928,83988,268781,1,type3,3
transfer,58473,86839,478195,1,type3,6
cash-in,30105,12860,494529,1,type1,4
transfer,94900,43793,106907,0,none,4
transfer,61280,70824,7881878,1,type2,7
transfer,32346,26734,6654803,1,type2,4
transfer,43889,59678,2312958,0,none,4
transfer,68889,49579,4996101,0,none,6
cash-in,89256,86888,2167974,0,none,3
transfer,19682,61346,288350,1,type3,7
transfer,13410,95198,7422956,1,type2,6
cash-in,82688,67262,292038,1,type1,4
transfer,46893,96138,365171,0,none,4
transfer,36975,4661,1457880,0,none,6
transfer,89886,62556,13332,0,none,6
transfer,52554,56808,1894680,0,none,7
cash-in,96057,53,170115,0,none,7
transfer,91357,78494,671096,1,type3,5
transfer,43005,23718,7259213,1,type2,4
transfer,84051,61346,288350,1,type3,5
transfer,77458,43793,106906,0,none,2
transfer,82169,36275,5523379,1,type2,5
transfer,34767,43793,106907,0,none,3
transfer,11058,18941,386526,1,type3,4
transfer,71059,77952,288957,1,type3,2
cash-in,61010,28003,4708816,0,none,7
transfer,54161,17918,602950,0,none,6
cash-in,42005,6034,4714192,0,none,4
transfer,24748,99772,3503270,0,none,5
transfer,23219,51149,316128,1,type3,4
transfer,36647,33294,4253756,0,none,6
cash-in,11525,15632,4972373,0,none,4
cash-in,84352,79147,640046,1,type1,6
cash-in,19104,38543,44893,0,none,3
transfer,61286,61346,288350,1,type3,5
transfer,29444,44823,1395815,0,none,4
transfer,97343,12363,7525659,1,type2,5
transfer,7415,69994,2000595,0,none,4
transfer,68720,97712,987796,0,none,5
cash-in,4161,88949,249082,1,type1,3
transfer,16988,32346,226695,0,none,7
cash-in,30965,63112,398394,1,type1,4
cash-in,4161,39477,249082,1,type1,3
cash-in,93901,10853,2387903,0,none,7
cash-in,31654,50710,3368585,0,none,3
cash-in,7038,83673,2052036,0,none,4
transfer,32083,7844,5820894,1,type2,2
transfer,85457,50028,5523379,1,type2,2
cash-in,96057,60127,170115,0,none,3
transfer,35256,98589,3062729,0,none,7
cash-in,13919,90767,323248,1,type1,4
transfer,40198,77952,288956,1,type3,5
cash-in,96057,79367,170114,0,none,4
transfer,20546,86594,599428,0,none,2
transfer,98536,10608,3940987,0,none,7
transfer,41780,35225,6944610,1,type2,5
transfer,26416,83790,274713,1,type3,4
transfer,90373,49579,826280,0,none,3
transfer,29297,27522,7525659,1,type2,6
transfer,44823,18510,1395815,0,none,3
transfer,8637,38215,7013498,1,type2,7
transfer,95340,30340,1376091,0,none,5
cash-in,72032,68884,391866,1,type1,6
cash-in,52358,70742,4069285,0,none,5
cash-in,86807,13105,4582171,0,none,4
transfer,13431,83381,1634913,0,none,6
transfer,98572,22950,4100385,0,none,3
transfer,36275,18972,5523379,1,type2,5
transfer,24114,25682,1951655,0,none,3
transfer,13655,30428,4886683,0,none,5
transfer,28680,61453,7042628,1,type2,3
transfer,75021,68961,3929662,0,none,6
cash-in,49153,86005,267794,0,none,6
cash-in,31439,89434,554345,1,type1,6
cash-in,4470,84461,2596920,0,none,3
transfer,48774,78255,3170100,0,none,6
transfer,41512,77508,445249,1,type3,5
transfer,13760,32080,4369196,0,none,3
transfer,26734,78224,6654803,1,type2,4
transfer,69642,67083,325449,0,none,5
cash-in,41220,26639,1769356,1,type1,6
transfer,71324,77952,288956,1,type3,4
transfer,75789,8475,7013498,1,type2,3
transfer,85180,4961,4476657,0,none,7
cash-in,39284,63272,274171,1,type1,3
cash-in,24041,18626,322413,1,type1,6
transfer,70242,63810,5972619,1,type2,5
cash-in,13919,61430,323248,1,type1,7
cash-in,37177,21392,362164,1,type1,3
cash-in,39284,4429,274171,1,type1,7
transfer,55468,4017,6937925,1,type2,5
cash-in,88920,71196,2059672,0,none,5
cash-in,49153,20352,267793,0,none,4
cash-in,96057,12859,170115,0,none,6
cash-in,19104,25355,44893,0,none,5
transfer,33148,70809,1395815,0,none,6
transfer,33236,77952,288956,1,type3,6
cash-in,27283,88291,328738,0,none,6
transfer,74435,50110,1385304,0,none,4
transfer,21697,31137,6738027,1,type2,2
cash-in,69663,51624,3530283,0,none,5
transfer,18972,62001,5523379,1,type2,6
cash-in,30105,8692,494528,1,type1,5
transfer,59191,95498,420739,0,none,4
transfer,37799,78632,5815280,1,type2,4
cash-in,62348,70964,5612589,0,none,3
transfer,57246,73055,361846,1,type3,7
transfer,44827,88623,1963577,0,none,4
cash-in,93228,66160,5370378,0,none,4
transfer,81765,33961,3437899,0,none,3
transfer,98788,94670,376891,1,type3,7
transfer,24411,939,4387938,0,none,5
cash-in,80925,16595,4775669,0,none,6
transfer,58976,63592,625032,0,none,4
transfer,89866,9408,6654803,1,type2,5
transfer,34166,99897,6763814,1,type2,2
transfer,5128,42168,226479,1,type3,4
cash-in,82410,87881,713809,1,type1,2
transfer,73532,58640,6654803,1,type2,2
cash-in,86622,61158,5748999,0,none,3
cash-in,4944,15821,2326034,0,none,6
transfer,66606,35053,5815280,1,type2,7
transfer,11910,73055,361845,1,type3,4
transfer,40167,31783,3422485,0,none,5
transfer,83145,18165,1342479,1,type3,6
transfer,65351,51149,316129,1,type3,4
cash-in,76487,57212,3973331,0,none,3
cash-in,11620,41819,6086012,0,none,5
cash-in,63240,77225,4757853,0,none,3
transfer,66595,11761,4646080,0,none,7
cash-in,76155,96092,1435180,0,none,7
cash-in,27283,40542,328738,0,none,4
transfer,52734,74713,1310437,1,type3,5
transfer,98671,55419,3503270,0,none,3
transfer,32176,2608,1180054,0,none,3
cash-in,16595,41370,5178964,0,none,5
transfer,2289,78494,671097,1,type3,5
transfer,34947,55838,7422956,1,type2,6
cash-in,45294,6199,5959988,0,none,5
transfer,57336,91016,4389484,0,none,6
cash-in,8550,35146,275217,0,none,5
transfer,75054,89131,349001,1,type3,5
transfer,60514,14943,525627,1,type3,5
transfer,18262,27723,7881878,1,type2,5
cash-in,96057,53361,170114,0,none,6
transfer,9107,84347,3295362,0,none,3
transfer,38638,85499,3991712,0,none,5
cash-in,4161,44546,249082,1,type1,6
transfer,67040,35270,335249,1,type3,5
transfer,23021,35384,5505135,1,type2,6
transfer,67573,21941,6738027,1,type2,5
cash-in,15889,77721,3574931,0,none,4
transfer,89943,29438,3861235,0,none,5
transfer,54477,3329,422088,1,type3,5
cash-in,39284,28414,274171,1,type1,7
cash-in,82930,16422,779884,1,type1,5
transfer,39850,12122,6738027,1,type2,7
cash-in,82930,45031,779884,1,type1,3
transfer,6599,50700,220813,0,none,3
transfer,80621,35270,335249,1,type3,2
cash-in,20300,67339,3617276,0,none,5
transfer,52890,61346,288350,1,type3,2
cash-in,20051,87338,3874713,0,none,4
transfer,62603,29110,1093747,0,none,5
transfer,61399,46436,2511469,0,none,3
transfer,92734,63730,5268988,1,type2,7
transfer,50700,46668,2876429,0,none,3
transfer,41731,59544,7130066,1,type2,4
transfer,44840,15517,7422956,1,type2,2
transfer,72456,41330,1474126,0,none,5
cash-in,39284,47704,274171,1,type1,6
transfer,20337,50110,461029,0,none,6
transfer,64890,85625,1985136,0,none,6
transfer,3060,21551,1476902,0,none,6
cash-in,75076,20067,420044,1,type1,4
cash-in,13919,44716,323248,1,type1,3
cash-in,96057,63401,170115,0,none,4
cash-in,82930,43090,779884,1,type1,5
cash-in,15335,48518,631415,0,none,4
transfer,75319,77952,288957,1,type3,7
cash-in,35516,18230,4371863,0,none,3
transfer,98047,87901,3579561,0,none,6
transfer,56678,77952,288956,1,type3,4
transfer,76977,77508,445249,1,type3,3
cash-in,92735,44570,306537,1,type1,7
transfer,12303,86732,650038,0,none,3
transfer,98642,89131,349001,1,type3,7
transfer,98222,48954,7042628,1,type2,6
cash-in,75076,6646,420044,1,type1,5
transfer,3961,43732,4969901,0,none,6
transfer,1991,82483,5972619,1,type2,4
transfer,91556,1145,4387938,0,none,6
transfer,32420,77936,7422956,1,type2,6
transfer,45183,83988,268782,1,type3,4
transfer,12363,60363,7525659,1,type2,5
cash-in,43439,58551,502828,1,type1,3
transfer,74350,35270,335249,1,type3,5
transfer,3821,73055,361845,1,type3,2
transfer,13272,5645,6944610,1,type2,5
transfer,74761,78808,7621775,1,type2,4
transfer,1916,59470,335914,1,type3,5
transfer,98628,59469,86743,0,none,6
cash-in,39284,74691,274171,1,type1,6
cash-in,84352,80053,640046,1,type1,2
cash-in,33189,58513,4034093,0,none,3
transfer,46192,92695,5815280,1,type2,6
cash-in,31696,66443,3261600,0,none,7
transfer,83080,94670,376890,1,type3,5
transfer,10681,35270,335249,1,type3,3
cash-in,14057,33935,611056,0,none,5
transfer,6431,21366,4371028,0,none,3
transfer,41032,44509,4634190,0,none,6
cash-in,80740,96543,388295,1,type1,7
transfer,68283,51673,6352694,1,type2,4
cash-in,67051,427,6696099,0,none,3
transfer,95979,95498,281507,1,type3,3
transfer,15050,6225,3909908,0,none,7
transfer,71160,77508,445248,1,type3,7
transfer,24099,25210,4844598,0,none,3
cash-in,30965,80135,398394,1,type1,3
transfer,57087,13293,4214863,0,none,3
transfer,90823,92278,5820894,1,type2,6
transfer,99212,42594,2011892,1,type3,3
transfer,27336,44881,381968,0,none,6
transfer,4832,38638,3954174,0,none,7
transfer,30699,97635,5523379,1,type2,7
cash-in,93017,27061,3935548,0,none,4
transfer,6953,42168,226479,1,type3,7
transfer,24440,81312,2357356,0,none,5
transfer,23120,23021,5505135,1,type2,6
cash-in,39284,53948,274171,1,type1,5
transfer,40374,88225,4484464,0,none,5
transfer,78922,9987,652281,1,type3,5
transfer,58823,32382,248214,0,none,4
transfer,18529,83988,268782,1,type3,2
transfer,30351,54421,7259213,1,type2,5
transfer,71881,10608,6493011,1,type2,4
transfer,2608,26551,1180054,0,none,3
cash-in,80740,47869,388294,1,type1,6
transfer,87433,90992,6944610,1,type2,6
transfer,53219,86903,215499,1,type3,7
transfer,82508,61346,288350,1,type3,3
transfer,67272,18941,386526,1,type3,3
cash-in,82008,92672,3111675,0,none,5
transfer,16863,38558,6352694,1,type2,3
cash-in,96057,2474,170114,0,none,6
cash-in,37177,93055,362164,1,type1,4
transfer,91753,47632,2075687,0,none,2
cash-in,21769,2665,1192521,0,none,6
cash-in,43439,46827,502828,1,type1,5
transfer,23506,86839,478195,1,type3,7
transfer,48703,4689,7259213,1,type2,4
transfer,70122,35926,3992582,0,none,3
cash-in,6727,23494,2724504,0,none,3
transfer,71215,78030,594523,1,type3,5
transfer,80596,94670,376890,1,type3,5
transfer,90899,73055,361846,1,type3,3
transfer,23866,91137,6738027,1,type2,5
